-- Databricks notebook source
-- DBTITLE 1,Customer and Orders tables for MyDatabase
-- ======================================================
-- Table: customers
-- ======================================================
DROP TABLE IF EXISTS customers;

CREATE TABLE customers (
    id          INT NOT NULL,
    first_name  STRING NOT NULL,
    country     STRING,
    score       INT
);

-- Insert customers data
INSERT INTO customers (id, first_name, country, score) VALUES
    (1, 'Maria',   'Germany', 350),
    (2, 'John',    'USA',     900),
    (3, 'Georg',   'UK',      750),
    (4, 'Martin',  'Germany', 500),
    (5, 'Peter',   'USA',     0);

-- ======================================================
-- Table: orders
-- ======================================================
DROP TABLE IF EXISTS orders;

CREATE TABLE orders (
    order_id    INT NOT NULL,
    customer_id INT NOT NULL,
    order_date  DATE,
    sales       INT
);

-- Insert orders data
INSERT INTO orders (order_id, customer_id, order_date, sales) VALUES
    (1001, 1, '2021-01-11', 35),
    (1002, 2, '2021-04-05', 15),
    (1003, 3, '2021-06-18', 20),
    (1004, 6, '2021-08-31', 10);

-- COMMAND ----------

-- DBTITLE 1,Create Tables for Sales Database
-- ======================================================
-- Table: Sales.Customers
-- ======================================================
DROP TABLE IF EXISTS SalesCustomers;

CREATE TABLE SalesCustomers (
    CustomerID INT NOT NULL,
    FirstName  STRING,
    LastName   STRING,
    Country    STRING,
    Score      INT
);

INSERT INTO SalesCustomers VALUES
    (1, 'Jossef', 'Goldberg', 'Germany', 350),
    (2, 'Kevin',  'Brown',    'USA',     900),
    (3, 'Mary',   NULL,       'USA',     750),
    (4, 'Mark',   'Schwarz',  'Germany', 500),
    (5, 'Anna',   'Adams',    'USA',     NULL);

-- ======================================================
-- Table: SalesEmployees
-- ======================================================
DROP TABLE IF EXISTS SalesEmployees;

CREATE TABLE SalesEmployees (
    EmployeeID INT NOT NULL,
    FirstName  STRING,
    LastName   STRING,
    Department STRING,
    BirthDate  DATE,
    Gender     STRING,
    Salary     INT,
    ManagerID  INT
);

INSERT INTO SalesEmployees VALUES
    (1, 'Frank',   'Lee',    'Marketing', '1988-12-05', 'M', 55000, NULL),
    (2, 'Kevin',   'Brown',  'Marketing', '1972-11-25', 'M', 65000, 1),
    (3, 'Mary',    NULL,     'Sales',     '1986-01-05', 'F', 75000, 1),
    (4, 'Michael', 'Ray',    'Sales',     '1977-02-10', 'M', 90000, 2),
    (5, 'Carol',   'Baker',  'Sales',     '1982-02-11', 'F', 55000, 3);

-- ======================================================
-- Table: SalesProducts
-- ======================================================
DROP TABLE IF EXISTS SalesProducts;

CREATE TABLE SalesProducts (
    ProductID INT NOT NULL,
    Product   STRING,
    Category  STRING,
    Price     INT
);

INSERT INTO SalesProducts (ProductID, Product, Category, Price) VALUES
    (101, 'Bottle', 'Accessories', 10),
    (102, 'Tire',   'Accessories', 15),
    (103, 'Socks',  'Clothing',    20),
    (104, 'Caps',   'Clothing',    25),
    (105, 'Gloves', 'Clothing',    30);

-- ======================================================
-- Table: SalesOrders
-- ======================================================
DROP TABLE IF EXISTS SalesOrders;

CREATE TABLE SalesOrders (
    OrderID       INT NOT NULL,
    ProductID     INT,
    CustomerID    INT,
    SalesPersonID INT,
    OrderDate     DATE,
    ShipDate      DATE,
    OrderStatus   STRING,
    ShipAddress   STRING,
    BillAddress   STRING,
    Quantity      INT,
    Sales         INT,
    CreationTime  TIMESTAMP
);

INSERT INTO SalesOrders VALUES
    (1,  101, 2, 3, '2025-01-01', '2025-01-05', 'Delivered', '9833 Mt. Dias Blv.', '1226 Shoe St.', 1, 10, '2025-01-01T12:34:56'),
    (2,  102, 3, 3, '2025-01-05', '2025-01-10', 'Shipped',   '250 Race Court',      NULL,           1, 15, '2025-01-05T23:22:04'),
    (3,  101, 1, 5, '2025-01-10', '2025-01-25', 'Delivered', '8157 W. Book',        '8157 W. Book', 2, 20, '2025-01-10T18:24:08'),
    (4,  105, 1, 3, '2025-01-20', '2025-01-25', 'Shipped',   '5724 Victory Lane',   '',             2, 60, '2025-01-20T05:50:33'),
    (5,  104, 2, 5, '2025-02-01', '2025-02-05', 'Delivered', NULL,                  NULL,           1, 25, '2025-02-01T14:02:41'),
    (6,  104, 3, 5, '2025-02-05', '2025-02-10', 'Delivered', '1792 Belmont Rd.',    NULL,           2, 50, '2025-02-06T15:34:57'),
    (7,  102, 1, 1, '2025-02-15', '2025-02-27', 'Delivered', '136 Balboa Court',    '',             2, 30, '2025-02-16T06:22:01'),
    (8,  101, 4, 3, '2025-02-18', '2025-02-27', 'Shipped',   '2947 Vine Lane',      '4311 Clay Rd', 3, 90, '2025-02-18T10:45:22'),
    (9,  101, 2, 3, '2025-03-10', '2025-03-15', 'Shipped',   '3768 Door Way',       '',             2, 20, '2025-03-10T12:59:04'),
    (10, 102, 3, 5, '2025-03-15', '2025-03-20', 'Shipped',   NULL,                  NULL,           0, 60, '2025-03-16T23:25:15');

-- ======================================================
-- Table: SalesOrdersArchive
-- ======================================================
DROP TABLE IF EXISTS SalesOrdersArchive;

CREATE TABLE SalesOrdersArchive (
    OrderID       INT,
    ProductID     INT,
    CustomerID    INT,
    SalesPersonID INT,
    OrderDate     DATE,
    ShipDate      DATE,
    OrderStatus   STRING,
    ShipAddress   STRING,
    BillAddress   STRING,
    Quantity      INT,
    Sales         INT,
    CreationTime  TIMESTAMP
);

INSERT INTO SalesOrdersArchive VALUES
    (1, 101, 2, 3, '2024-04-01', '2024-04-05', 'Shipped',   '123 Main St',      '456 Billing St', 1, 10, '2024-04-01T12:34:56'),
    (2, 102, 3, 3, '2024-04-05', '2024-04-10', 'Shipped',   '456 Elm St',       '789 Billing St', 1, 15, '2024-04-05T23:22:04'),
    (3, 101, 1, 4, '2024-04-10', '2024-04-25', 'Shipped',   '789 Maple St',     '789 Maple St',   2, 20, '2024-04-10T18:24:08'),
    (4, 105, 1, 3, '2024-04-20', '2024-04-25', 'Shipped',   '987 Victory Lane', '',               2, 60, '2024-04-20T05:50:33'),
    (4, 105, 1, 3, '2024-04-20', '2024-04-25', 'Delivered', '987 Victory Lane', '',               2, 60, '2024-04-20T14:50:33'),
    (5, 104, 2, 5, '2024-05-01', '2024-05-05', 'Shipped',   '345 Oak St',       '678 Pine St',    1, 25, '2024-05-01T14:02:41'),
    (6, 104, 3, 5, '2024-05-05', '2024-05-10', 'Delivered', '543 Belmont Rd.',  NULL,             2, 50, '2024-05-06T15:34:57'),
    (6, 104, 3, 5, '2024-05-05', '2024-05-10', 'Delivered', '543 Belmont Rd.',  '3768 Door Way',  2, 50, '2024-05-07T13:22:05'),
    (6, 101, 3, 5, '2024-05-05', '2024-05-10', 'Delivered', '543 Belmont Rd.',  '3768 Door Way',  2, 50, '2024-05-12T20:36:55'),
    (7, 102, 3, 5, '2024-06-15', '2024-06-20', 'Shipped',   '111 Main St',      '222 Billing St', 0, 60, '2024-06-16T23:25:15');